Date,Endpoint,Dataset,Creation date,Creation location,Creation source,Creation methodology,Aggregated creator contributor,Maintenance frequency,Modification date,Maintenance location,Maintenance methodology,Aggregated Maintenance contributor,Aggregated Usage access,Usage license,Usage requirements,Usage reuse,Usage concepts covered,Usage dataset description,Usage dataset entities,Usage examples,Usage dataset quality,Usage RDF serialization,Usage dataset triples,Usage End availability,Usage End validity,Usage start availability,Usage access address,Usage location,Usage dataset webpage,Usage audience,Usage Dataset publisher,Usage rights,DC-When,DC-Where,DC-How,DC-Who,DM-When,DM-Where,DM-How,DM-Who,DU-How,DU-What,DU-When,DU-Where,DU-Who,Data Collection,Data Maintenance,Data Usage,Accountability
09/06/2023,http://caligraph.org/sparql,http://caligraph.org/.well-known/void,1,0,1,0,0.2,0,0,0,0,0,0.5,1,0,0,0,1,1,0,0,0,0,0,0,0,1,1,1,0,1,1,1,0.5,0,0.2,0,0,0,0,0.25,0.266666667,0,1,0.75,0.425,0,0.453333333,0.292777778
09/06/2023,http://linked.opendata.cz/sparql,http://comsode.eu/resource/dataset/COMSODE_D3.2/distribution,1,0,0,0,0,0,1,0,0,0,0.5,1,0,0,0,1,1,1,0,1,1,0,0,1,1,1,0,0,0,1,1,0,0,0,0.5,0,0,0,0.25,0.6,0.333333333,0.75,0.25,0.25,0.125,0.436666667,0.270555556
09/06/2023,http://linked.opendata.cz/sparql,http://data.czso.cz/resource/dataset/average-salaries/distribution,1,0,0,0,0,0,1,0,0,0,0.5,1,0,0,0,1,1,1,0,1,1,0,0,1,1,1,0,0,0,1,1,0,0,0,0.5,0,0,0,0.25,0.6,0.333333333,0.75,0.25,0.25,0.125,0.436666667,0.270555556
09/06/2023,http://linked.opendata.cz/sparql,http://data.czso.cz/resource/dataset/deaths-by-selected-causes-of-death/distribution,1,0,0,0,0,0,1,0,0,0,0.5,1,0,0,0,1,1,1,0,1,1,0,0,1,1,1,0,0,0,1,1,0,0,0,0.5,0,0,0,0.25,0.6,0.333333333,0.75,0.25,0.25,0.125,0.436666667,0.270555556
09/06/2023,http://linked.opendata.cz/sparql,http://data.czso.cz/resource/dataset/demography-in-regions-czech-republic-age-categories/distribution,1,0,0,0,0,0,1,0,0,0,0.5,1,0,0,0,1,1,1,0,1,1,0,0,1,1,1,0,0,0,1,1,0,0,0,0.5,0,0,0,0.25,0.6,0.333333333,0.75,0.25,0.25,0.125,0.436666667,0.270555556
09/06/2023,http://linked.opendata.cz/sparql,http://data.czso.cz/resource/dataset/job-applicants-and-unemployment-rate/distribution,1,0,0,0,0,0,1,0,0,0,0.5,1,0,0,0,1,1,1,0,1,1,0,0,1,1,1,0,0,0,1,1,0,0,0,0.5,0,0,0,0.25,0.6,0.333333333,0.75,0.25,0.25,0.125,0.436666667,0.270555556
09/06/2023,http://linked.opendata.cz/sparql,http://data.czso.cz/resource/dataset/job-applicants/distribution,1,0,0,0,0,0,1,0,0,0,0.5,1,0,0,0,1,1,1,0,1,1,0,0,1,1,1,0,0,0,1,1,0,0,0,0.5,0,0,0,0.25,0.6,0.333333333,0.75,0.25,0.25,0.125,0.436666667,0.270555556
09/06/2023,http://linked.opendata.cz/sparql,http://data.czso.cz/resource/dataset/regions/distribution,1,0,0,0,0,0,1,0,0,0,0.5,1,0,0,0,1,1,1,0,1,1,0,0,1,1,1,0,0,0,1,1,0,0,0,0.5,0,0,0,0.25,0.6,0.333333333,0.75,0.25,0.25,0.125,0.436666667,0.270555556
09/06/2023,http://linked.opendata.cz/sparql,http://data.czso.cz/resource/dataset/selected-indicators-of-public-health/distribution,1,0,0,0,0,0,1,0,0,0,0.5,1,0,0,0,1,0,1,0,1,0,0,0,1,1,1,0,0,0,1,1,0,0,0,0.5,0,0,0,0.25,0.466666667,0.333333333,0.75,0.25,0.25,0.125,0.41,0.261666667
09/06/2023,http://linked.opendata.cz/sparql,http://data.czso.cz/resource/dataset/social-service-facilities/distribution,1,0,0,0,0,0,1,0,0,0,0.5,1,0,0,0,1,1,1,0,1,1,0,0,1,1,1,0,0,0,1,1,0,0,0,0.5,0,0,0,0.25,0.6,0.333333333,0.75,0.25,0.25,0.125,0.436666667,0.270555556
09/06/2023,http://linked.opendata.cz/sparql,http://data.czso.cz/resource/dataset/unemployment-rate/distribution,1,0,0,0,0,0,1,0,0,0,0.5,1,0,0,0,1,1,1,0,1,1,0,0,1,1,1,0,0,0,1,1,0,0,0,0.5,0,0,0,0.25,0.6,0.333333333,0.75,0.25,0.25,0.125,0.436666667,0.270555556
09/06/2023,http://linked.opendata.cz/sparql,http://data.nku.cz/resource/dataset/audited-subjects/distribution,1,0,0,0,0,0,1,0,0,0,0.5,1,0,0,0,1,1,1,0,1,1,0,0,1,1,1,0,0,0,1,1,0,0,0,0.5,0,0,0,0.25,0.6,0.333333333,0.75,0.25,0.25,0.125,0.436666667,0.270555556
09/06/2023,http://linked.opendata.cz/sparql,http://data.nku.cz/resource/dataset/check-actions-law/distribution,1,0,0,0,0,0,1,0,0,0,0.5,1,0,0,0,1,1,1,0,1,1,0,0,1,1,1,0,0,0,1,1,0,0,0,0.5,0,0,0,0.25,0.6,0.333333333,0.75,0.25,0.25,0.125,0.436666667,0.270555556
09/06/2023,http://linked.opendata.cz/sparql,http://data.nku.cz/resource/dataset/check-actions/distribution,1,0,0,0,0,0,1,0,0,0,0.5,1,0,0,0,1,1,1,0,1,1,0,0,1,1,1,0,0,0,1,1,0,0,0,0.5,0,0,0,0.25,0.6,0.333333333,0.75,0.25,0.25,0.125,0.436666667,0.270555556
09/06/2023,http://datos.bcn.cl/sparql,http://datos.bcn.cl/recurso/catalogo/votaciones,1,0,0,0,0.2,1,1,0,0,0,0.5,0,0,0,1,0,0,0,0,0,0,0,0,1,1,0,0,0,1,0,1,0,0,0.2,1,0,0,0,0.083333333,0.2,0.333333333,0.25,0.5,0.3,0.25,0.273333333,0.274444444
09/06/2023,http://linked.opendata.cz/sparql,http://ec.europa.eu/eurostat/ramon/rdfdata/nuts2008/,1,0,1,0,0,0,1,0,0,0,0.5,1,0,0,1,1,0,1,0,0,0,0,1,0,1,1,0,0,1,1,1,0.5,0,0,0.5,0,0,0,0.25,0.6,0.333333333,0.75,0.75,0.375,0.125,0.536666667,0.345555556
09/06/2023,http://fr.dbpedia.org/sparql,http://fr.dbpedia.org/,0,0,0,0,0.4,0,0,0,0,0.4,0.5,0,0,0,1,1,0,0,0,0,0,0,0,0,1,0,1,0,1,0,0,0,0,0.4,0,0,0,0.4,0.083333333,0.4,0,0.5,0.5,0.1,0.1,0.296666667,0.165555556
09/06/2023,http://id.nlm.nih.gov/mesh/sparql,http://id.nlm.nih.gov/mesh/void#MeSHRDF,1,0,0,0,0.2,0,0,0,0,0,0.5,1,0,0,1,1,0,1,0,1,0,0,0,0,1,1,1,0,1,1,1,0,0,0.2,0,0,0,0,0.25,0.666666667,0,1,0.75,0.3,0,0.533333333,0.277777778
09/06/2023,http://ldf.fi/warsa/sparql,http://ldf.fi/warsa,0,0,0,0,0.4,0,0,0,0,0,1,1,0,0,1,1,0,0,0,0,0,0,0,0,1,1,1,0,1,1,0,0,0,0.4,0,0,0,0,0.333333333,0.4,0,1,0.75,0.1,0,0.496666667,0.198888889
09/06/2023,http://ldf.fi/ww1lod/sparql,http://ldf.fi/ww1lod/void/Dataset,0,0,0,0,0.4,0,0,0,0,0.4,1,1,0,0,1,1,0,1,0,0,0,0,0,0,1,1,1,0,1,1,0,0,0,0.4,0,0,0,0.4,0.333333333,0.6,0,1,0.75,0.1,0.1,0.536666667,0.245555556
09/06/2023,http://ldf.fi/ww1lod/sparql,http://ldf.fi/ww1lod/void/Dataset@2015-02-18T15:28:35.037Z,1,0,0,0,0,0,1,0,0,0,1,0,0,0,0,0,1,0,0,0,1,0,0,0,1,0,0,0,0,0,1,0,0,0,0.5,0,0,0,0.166666667,0.133333333,0,0.25,0,0.25,0.125,0.11,0.161666667
09/06/2023,http://ldf.fi/ww1lod/sparql,http://ldf.fi/ww1lod/void/atr/Dataset@2015-02-18T15:28:35.037Z,1,0,0,0,0,0,1,0,0,0,1,0,0,0,0,0,1,0,0,0,1,0,0,0,1,0,0,0,0,0,1,0,0,0,0.5,0,0,0,0.166666667,0.133333333,0,0.25,0,0.25,0.125,0.11,0.161666667
09/06/2023,http://ldf.fi/ww1lod/sparql,http://ldf.fi/ww1lod/void/bpol/Dataset@2015-02-18T15:28:35.037Z,1,0,0,0,0,0,1,0,0,0,1,0,0,0,0,0,1,0,0,0,1,0,0,0,1,0,0,0,0,0,1,0,0,0,0.5,0,0,0,0.166666667,0.133333333,0,0.25,0,0.25,0.125,0.11,0.161666667
09/06/2023,http://ldf.fi/ww1lod/sparql,http://ldf.fi/ww1lod/void/bsta/Dataset@2015-02-18T15:28:35.037Z,1,0,0,0,0,0,1,0,0,0,1,0,0,0,0,0,1,0,0,0,1,0,0,0,1,0,0,0,0,0,1,0,0,0,0.5,0,0,0,0.166666667,0.133333333,0,0.25,0,0.25,0.125,0.11,0.161666667
09/06/2023,http://ldf.fi/ww1lod/sparql,http://ldf.fi/ww1lod/void/iga/Dataset@2015-02-18T15:28:35.037Z,1,0,0,0,0,0,1,0,0,0,1,0,0,0,0,0,1,0,0,0,1,0,0,0,1,0,0,0,0,0,1,0,0,0,0.5,0,0,0,0.166666667,0.133333333,0,0.25,0,0.25,0.125,0.11,0.161666667
09/06/2023,http://ldf.fi/ww1lod/sparql,http://ldf.fi/ww1lod/void/iwm/Dataset@2015-02-18T15:28:35.037Z,1,0,0,0,0,0,1,0,0,0,1,0,0,0,0,0,1,0,0,0,1,0,0,0,1,0,0,0,0,0,1,0,0,0,0.5,0,0,0,0.166666667,0.133333333,0,0.25,0,0.25,0.125,0.11,0.161666667
09/06/2023,http://ldf.fi/ww1lod/sparql,http://ldf.fi/ww1lod/void/main/Dataset@2015-02-18T15:28:35.037Z,1,0,0,0,0,0,1,0,0,0,1,0,0,0,0,0,1,0,0,0,1,0,0,0,1,0,0,0,0,0,1,0,0,0,0.5,0,0,0,0.166666667,0.133333333,0,0.25,0,0.25,0.125,0.11,0.161666667
09/06/2023,http://ldf.fi/ww1lod/sparql,http://ldf.fi/ww1lod/void/principalevents/Dataset@2015-02-18T15:28:35.037Z,1,0,0,0,0,0,1,0,0,0,1,0,0,0,0,0,1,0,0,0,1,0,0,0,1,0,0,0,0,0,1,0,0,0,0.5,0,0,0,0.166666667,0.133333333,0,0.25,0,0.25,0.125,0.11,0.161666667
09/06/2023,http://ldf.fi/ww1lod/sparql,http://ldf.fi/ww1lod/void/wikipedia/Dataset@2015-02-18T15:28:35.037Z,1,0,0,0,0,0,1,0,0,0,1,0,0,0,0,0,1,0,0,0,1,0,0,0,1,0,0,0,0,0,1,0,0,0,0.5,0,0,0,0.166666667,0.133333333,0,0.25,0,0.25,0.125,0.11,0.161666667
09/06/2023,http://linked.opendata.cz/sparql,http://linked.opendata.cz/resource/dataset/ATC,1,0,1,0,0.2,0,1,0,0,0,0.5,1,0,0,1,1,0,1,0,0,0,0,0,0,1,1,0,0,1,1,1,0.5,0,0.2,0.5,0,0,0,0.25,0.6,0,0.75,0.75,0.425,0.125,0.47,0.34
09/06/2023,http://linked.opendata.cz/sparql,http://linked.opendata.cz/resource/dataset/ares/basic,1,0,1,0,0.2,0,1,0,0,0,0.5,1,0,0,1,1,1,1,0,0,1,0,0,0,1,1,0,0,1,1,1,0.5,0,0.2,0.5,0,0,0,0.25,0.733333333,0,0.75,0.75,0.425,0.125,0.496666667,0.348888889
09/06/2023,http://linked.opendata.cz/sparql,http://linked.opendata.cz/resource/dataset/ares/or/distribution/rdf,1,0,0,0,0,0,1,0,0,0,0.5,1,0,0,0,1,1,1,0,1,1,0,0,1,1,1,0,0,0,1,1,0,0,0,0.5,0,0,0,0.25,0.6,0.333333333,0.75,0.25,0.25,0.125,0.436666667,0.270555556
09/06/2023,http://linked.opendata.cz/sparql,http://linked.opendata.cz/resource/dataset/ares/rzp/distribution/rdf,1,0,0,0,0,0,1,0,0,0,0.5,1,0,0,0,1,1,1,0,1,1,0,0,1,1,1,0,0,0,1,1,0,0,0,0.5,0,0,0,0.25,0.6,0.333333333,0.75,0.25,0.25,0.125,0.436666667,0.270555556
09/06/2023,http://linked.opendata.cz/sparql,http://linked.opendata.cz/resource/dataset/atc/distribution,1,0,0,0,0,0,1,0,0,0,0.5,1,0,0,0,1,1,1,0,1,1,0,0,1,1,1,0,0,0,1,1,0,0,0,0.5,0,0,0,0.25,0.6,0.333333333,0.75,0.25,0.25,0.125,0.436666667,0.270555556
09/06/2023,http://linked.opendata.cz/sparql,http://linked.opendata.cz/resource/dataset/buyer-profiles/contracts/cz,0,0,1,0,0.3,0,0,0,0,0.4,0.5,1,0,0,0,1,0,1,0,0,0,0,0,0,1,1,0,0,1,1,0,0.5,0,0.3,0,0,0,0.4,0.25,0.4,0,0.75,0.75,0.2,0.1,0.43,0.243333333
09/06/2023,http://linked.opendata.cz/sparql,http://linked.opendata.cz/resource/dataset/buyer-profiles/profiles/cz,0,0,1,0,0.3,0,0,0,0,0.4,0.5,1,0,0,0,1,0,1,0,0,0,0,0,0,1,1,0,0,1,1,0,0.5,0,0.3,0,0,0,0.4,0.25,0.4,0,0.75,0.75,0.2,0.1,0.43,0.243333333
09/06/2023,http://linked.opendata.cz/sparql,http://linked.opendata.cz/resource/dataset/cenia-irz-chemicals/distribution,1,0,0,0,0,0,1,0,0,0,0.5,1,0,0,0,1,1,1,0,1,1,0,0,1,1,1,0,0,0,1,1,0,0,0,0.5,0,0,0,0.25,0.6,0.333333333,0.75,0.25,0.25,0.125,0.436666667,0.270555556
09/06/2023,http://linked.opendata.cz/sparql,http://linked.opendata.cz/resource/dataset/cenia.cz/irz/distribution,1,0,0,0,0,0,1,0,0,0,0.5,1,0,0,0,1,1,1,0,1,1,0,0,1,1,1,0,0,0,1,1,0,0,0,0.5,0,0,0,0.25,0.6,0.333333333,0.75,0.25,0.25,0.125,0.436666667,0.270555556
09/06/2023,http://linked.opendata.cz/sparql,http://linked.opendata.cz/resource/dataset/coi.cz/kontroly/distribution,1,0,0,0,0,0,1,0,0,0,0.5,1,0,0,0,1,0,1,0,1,0,0,0,1,1,1,0,0,0,1,1,0,0,0,0.5,0,0,0,0.25,0.466666667,0.333333333,0.75,0.25,0.25,0.125,0.41,0.261666667
09/06/2023,http://linked.opendata.cz/sparql,http://linked.opendata.cz/resource/dataset/coi.cz/sankce/distribution,1,0,0,0,0,0,1,0,0,0,0.5,1,0,0,0,1,1,1,0,1,1,0,0,1,1,1,0,0,0,1,1,0,0,0,0.5,0,0,0,0.25,0.6,0.333333333,0.75,0.25,0.25,0.125,0.436666667,0.270555556
09/06/2023,http://linked.opendata.cz/sparql,http://linked.opendata.cz/resource/dataset/coi.cz/zajisteni/distribution,1,0,0,0,0,0,1,0,0,0,0.5,1,0,0,0,1,1,1,0,1,1,0,0,1,1,1,0,0,0,1,1,0,0,0,0.5,0,0,0,0.25,0.6,0.333333333,0.75,0.25,0.25,0.125,0.436666667,0.270555556
09/06/2023,http://linked.opendata.cz/sparql,http://linked.opendata.cz/resource/dataset/coi.cz/zakazy/distribution,1,0,0,0,0,0,1,0,0,0,0.5,1,0,0,0,1,1,1,0,1,1,0,0,1,1,1,0,0,0,1,1,0,0,0,0.5,0,0,0,0.25,0.6,0.333333333,0.75,0.25,0.25,0.125,0.436666667,0.270555556
09/06/2023,http://linked.opendata.cz/sparql,http://linked.opendata.cz/resource/dataset/coi.cz/zamereni/distribution,1,0,0,0,0,0,1,0,0,0,0.5,1,0,0,0,1,1,1,0,1,1,0,0,1,1,1,0,0,0,1,1,0,0,0,0.5,0,0,0,0.25,0.6,0.333333333,0.75,0.25,0.25,0.125,0.436666667,0.270555556
09/06/2023,http://linked.opendata.cz/sparql,http://linked.opendata.cz/resource/dataset/court/cz,1,0,1,0,0.2,0,1,0,0,0,0.5,1,0,0,0,1,0,1,0,0,0,0,0,0,1,1,0,0,1,1,1,0.5,0,0.2,0.5,0,0,0,0.25,0.4,0,0.75,0.75,0.425,0.125,0.43,0.326666667
09/06/2023,http://linked.opendata.cz/sparql,http://linked.opendata.cz/resource/dataset/cpv-2008,1,0,1,0,0,0,1,0,0,0,0.5,1,0,0,0,1,1,1,0,0,1,0,0,0,1,1,0,0,1,1,1,0.5,0,0,0.5,0,0,0,0.25,0.533333333,0,0.75,0.75,0.375,0.125,0.456666667,0.318888889
09/06/2023,http://linked.opendata.cz/sparql,http://linked.opendata.cz/resource/dataset/currency,1,0,1,0,0.2,0,1,0,0,0,0.5,1,0,0,1,1,0,1,0,0,0,0,0,0,1,1,0,0,1,1,1,0.5,0,0.2,0.5,0,0,0,0.25,0.6,0,0.75,0.75,0.425,0.125,0.47,0.34
09/06/2023,http://linked.opendata.cz/sparql,http://linked.opendata.cz/resource/dataset/drugbank/distribution,1,0,0,0,0,0,1,0,0,0,0.5,1,0,0,0,1,0,1,0,1,0,0,0,1,1,1,0,0,0,1,1,0,0,0,0.5,0,0,0,0.25,0.466666667,0.333333333,0.75,0.25,0.25,0.125,0.41,0.261666667
09/06/2023,http://linked.opendata.cz/sparql,http://linked.opendata.cz/resource/dataset/election-to-chamber-of-deputies-czech-republic,0,0,1,0,0.25,0,0,0,0,0.266666667,0.5,1,0,0,0,1,0,1,0,0,0,0,0,0,1,1,0,0,1,1,0,0.5,0,0.25,0,0,0,0.266666667,0.25,0.4,0,0.75,0.75,0.1875,0.066666667,0.43,0.228055556
09/06/2023,http://linked.opendata.cz/sparql,http://linked.opendata.cz/resource/dataset/es/msssi/drug-prices/distribution,1,0,0,0,0,0,1,0,0,0,0.5,1,0,0,0,1,0,1,0,1,0,0,0,1,1,1,0,0,0,1,1,0,0,0,0.5,0,0,0,0.25,0.466666667,0.333333333,0.75,0.25,0.25,0.125,0.41,0.261666667
09/06/2023,http://linked.opendata.cz/sparql,http://linked.opendata.cz/resource/dataset/fda/spl,1,0,1,0,0.2,0,1,0,0,0,0.5,1,0,0,1,1,0,1,0,0,0,0,0,0,1,1,0,0,1,1,1,0.5,0,0.2,0.5,0,0,0,0.25,0.6,0,0.75,0.75,0.425,0.125,0.47,0.34
09/06/2023,http://linked.opendata.cz/sparql,http://linked.opendata.cz/resource/dataset/fdalabels/distribution,1,0,0,0,0,0,1,0,0,0,0.5,1,0,0,0,1,1,1,0,1,1,0,0,1,1,1,0,0,0,1,1,0,0,0,0.5,0,0,0,0.25,0.6,0.333333333,0.75,0.25,0.25,0.125,0.436666667,0.270555556
09/06/2023,http://linked.opendata.cz/sparql,http://linked.opendata.cz/resource/dataset/ic/distribution,1,0,0,0,0,0,1,0,0,0,0.5,1,0,0,0,1,1,1,0,1,1,0,0,1,1,1,0,0,0,1,1,0,0,0,0.5,0,0,0,0.25,0.6,0.333333333,0.75,0.25,0.25,0.125,0.436666667,0.270555556
09/06/2023,http://linked.opendata.cz/sparql,http://linked.opendata.cz/resource/dataset/it/aifa/drug-prices/distribution,1,0,0,0,0,0,1,0,0,0,0.5,1,0,0,0,1,0,1,0,1,0,0,0,1,1,1,0,0,0,1,1,0,0,0,0.5,0,0,0,0.25,0.466666667,0.333333333,0.75,0.25,0.25,0.125,0.41,0.261666667
09/06/2023,http://linked.opendata.cz/sparql,http://linked.opendata.cz/resource/dataset/legislation/acts/fulltexts,1,0,0,0,0.2,0,1,0,0,0,0.5,1,0,0,0,1,1,0,0,0,1,0,0,0,1,1,0,0,1,1,1,0,0,0.2,0.5,0,0,0,0.25,0.333333333,0,0.75,0.75,0.3,0.125,0.416666667,0.280555556
09/06/2023,http://linked.opendata.cz/sparql,http://linked.opendata.cz/resource/dataset/legislation/acts/fulltexts/txt,1,0,0,0,0,0,1,0,0,0,0.5,0,0,0,0,1,1,0,0,0,1,0,0,0,1,0,0,0,0,0,1,0,0,0,0.5,0,0,0,0.083333333,0.333333333,0,0.25,0,0.25,0.125,0.133333333,0.169444444
09/06/2023,http://linked.opendata.cz/sparql,http://linked.opendata.cz/resource/dataset/legislation/cz/uz,1,0,0,0,0.2,0,1,0,0,0,0.5,1,0,0,0,1,0,1,0,0,0,0,0,0,1,1,0,0,1,1,1,0,0,0.2,0.5,0,0,0,0.25,0.4,0,0.75,0.75,0.3,0.125,0.43,0.285
09/06/2023,http://linked.opendata.cz/sparql,http://linked.opendata.cz/resource/dataset/legislation/named-entities,1,0,0,0,0,0,1,0,0,0,0.5,1,0,0,0,1,0,1,0,0,0,0,0,0,1,1,0,0,1,1,1,0,0,0,0.5,0,0,0,0.25,0.4,0,0.75,0.75,0.25,0.125,0.43,0.268333333
09/06/2023,http://linked.opendata.cz/sparql,http://linked.opendata.cz/resource/dataset/legislation/nsoud.cz,1,0,1,0,0.2,0,1,0,0,0,0.5,1,0,0,0,1,0,1,0,0,0,0,0,0,1,1,0,0,1,1,1,0.5,0,0.2,0.5,0,0,0,0.25,0.4,0,0.75,0.75,0.425,0.125,0.43,0.326666667
09/06/2023,http://linked.opendata.cz/sparql,http://linked.opendata.cz/resource/dataset/linkset/linkset-vavai_2-to-vavai_6/distribution,1,0,0,0,0,0,1,0,0,0,0.5,1,0,0,0,0,0,0,0,1,0,0,0,1,1,1,0,0,0,1,1,0,0,0,0.5,0,0,0,0.25,0.066666667,0.333333333,0.75,0.25,0.25,0.125,0.33,0.235
09/06/2023,http://linked.opendata.cz/sparql,http://linked.opendata.cz/resource/dataset/mfcr/ciselniky/distribution,1,0,0,0,0,0,1,0,0,0,0.5,1,0,0,0,1,1,1,0,1,1,0,0,1,1,1,0,0,0,1,1,0,0,0,0.5,0,0,0,0.25,0.6,0.333333333,0.75,0.25,0.25,0.125,0.436666667,0.270555556
09/06/2023,http://linked.opendata.cz/sparql,http://linked.opendata.cz/resource/dataset/mfcr/finm201/distribution/rdf,1,0,0,0,0,0,1,0,0,0,0.5,1,0,0,0,1,1,1,0,1,1,0,0,1,1,1,0,0,0,1,1,0,0,0,0.5,0,0,0,0.25,0.6,0.333333333,0.75,0.25,0.25,0.125,0.436666667,0.270555556
09/06/2023,http://linked.opendata.cz/sparql,http://linked.opendata.cz/resource/dataset/mfcr/finm203/distribution/rdf,1,0,0,0,0,0,1,0,0,0,0.5,1,0,0,0,1,1,1,0,1,1,0,0,1,1,1,0,0,0,1,1,0,0,0,0.5,0,0,0,0.25,0.6,0.333333333,0.75,0.25,0.25,0.125,0.436666667,0.270555556
09/06/2023,http://linked.opendata.cz/sparql,http://linked.opendata.cz/resource/dataset/mfcr/finm204/distribution/rdf,1,0,0,0,0,0,1,0,0,0,0.5,1,0,0,0,1,1,1,0,1,1,0,0,1,1,1,0,0,0,1,1,0,0,0,0.5,0,0,0,0.25,0.6,0.333333333,0.75,0.25,0.25,0.125,0.436666667,0.270555556
09/06/2023,http://linked.opendata.cz/sparql,http://linked.opendata.cz/resource/dataset/mfcr/finm206/distribution/rdf,1,0,0,0,0,0,1,0,0,0,0.5,1,0,0,0,1,1,1,0,1,1,0,0,1,1,1,0,0,0,1,1,0,0,0,0.5,0,0,0,0.25,0.6,0.333333333,0.75,0.25,0.25,0.125,0.436666667,0.270555556
09/06/2023,http://linked.opendata.cz/sparql,http://linked.opendata.cz/resource/dataset/mfcr/finm207/distribution/rdf,1,0,0,0,0,0,1,0,0,0,0.5,1,0,0,0,1,1,1,0,1,1,0,0,1,1,1,0,0,0,1,1,0,0,0,0.5,0,0,0,0.25,0.6,0.333333333,0.75,0.25,0.25,0.125,0.436666667,0.270555556
09/06/2023,http://linked.opendata.cz/sparql,http://linked.opendata.cz/resource/dataset/mfcr/finm209/distribution/rdf,1,0,0,0,0,0,1,0,0,0,0.5,1,0,0,0,1,1,1,0,1,1,0,0,1,1,1,0,0,0,1,1,0,0,0,0.5,0,0,0,0.25,0.6,0.333333333,0.75,0.25,0.25,0.125,0.436666667,0.270555556
09/06/2023,http://linked.opendata.cz/sparql,http://linked.opendata.cz/resource/dataset/mfcr/finu101/distribution/rdf,1,0,0,0,0,0,1,0,0,0,0.5,1,0,0,0,1,1,1,0,1,1,0,0,1,1,1,0,0,0,1,1,0,0,0,0.5,0,0,0,0.25,0.6,0.333333333,0.75,0.25,0.25,0.125,0.436666667,0.270555556
09/06/2023,http://linked.opendata.cz/sparql,http://linked.opendata.cz/resource/dataset/mfcr/finu103/distribution/rdf,1,0,0,0,0,0,1,0,0,0,0.5,1,0,0,0,1,1,1,0,1,1,0,0,1,1,1,0,0,0,1,1,0,0,0,0.5,0,0,0,0.25,0.6,0.333333333,0.75,0.25,0.25,0.125,0.436666667,0.270555556
09/06/2023,http://linked.opendata.cz/sparql,http://linked.opendata.cz/resource/dataset/mfcr/finu104/distribution/rdf,1,0,0,0,0,0,1,0,0,0,0.5,1,0,0,0,1,1,1,0,1,1,0,0,1,1,1,0,0,0,1,1,0,0,0,0.5,0,0,0,0.25,0.6,0.333333333,0.75,0.25,0.25,0.125,0.436666667,0.270555556
09/06/2023,http://linked.opendata.cz/sparql,http://linked.opendata.cz/resource/dataset/mfcr/finu105/distribution/rdf,1,0,0,0,0,0,1,0,0,0,0.5,1,0,0,0,1,1,1,0,1,1,0,0,1,1,1,0,0,0,1,1,0,0,0,0.5,0,0,0,0.25,0.6,0.333333333,0.75,0.25,0.25,0.125,0.436666667,0.270555556
09/06/2023,http://linked.opendata.cz/sparql,http://linked.opendata.cz/resource/dataset/mfcr/finu106/distribution/rdf,1,0,0,0,0,0,1,0,0,0,0.5,1,0,0,0,1,1,1,0,1,1,0,0,1,1,1,0,0,0,1,1,0,0,0,0.5,0,0,0,0.25,0.6,0.333333333,0.75,0.25,0.25,0.125,0.436666667,0.270555556
09/06/2023,http://linked.opendata.cz/sparql,http://linked.opendata.cz/resource/dataset/mfcr/finu107/distribution/rdf,1,0,0,0,0,0,1,0,0,0,0.5,1,0,0,0,1,1,1,0,1,1,0,0,1,1,1,0,0,0,1,1,0,0,0,0.5,0,0,0,0.25,0.6,0.333333333,0.75,0.25,0.25,0.125,0.436666667,0.270555556
09/06/2023,http://linked.opendata.cz/sparql,http://linked.opendata.cz/resource/dataset/mfcr/finu108/distribution/rdf,1,0,0,0,0,0,1,0,0,0,0.5,1,0,0,0,1,1,1,0,1,1,0,0,1,1,1,0,0,0,1,1,0,0,0,0.5,0,0,0,0.25,0.6,0.333333333,0.75,0.25,0.25,0.125,0.436666667,0.270555556
09/06/2023,http://linked.opendata.cz/sparql,http://linked.opendata.cz/resource/dataset/mfcr/finu109/distribution/rdf,1,0,0,0,0,0,1,0,0,0,0.5,1,0,0,0,1,1,1,0,1,1,0,0,1,1,1,0,0,0,1,1,0,0,0,0.5,0,0,0,0.25,0.6,0.333333333,0.75,0.25,0.25,0.125,0.436666667,0.270555556
09/06/2023,http://linked.opendata.cz/sparql,http://linked.opendata.cz/resource/dataset/mfcr/pozvk/distribution/rdf,1,0,0,0,0,0,1,0,0,0,0.5,1,0,0,0,1,1,1,0,1,1,0,0,1,1,1,0,0,0,1,1,0,0,0,0.5,0,0,0,0.25,0.6,0.333333333,0.75,0.25,0.25,0.125,0.436666667,0.270555556
09/06/2023,http://linked.opendata.cz/sparql,http://linked.opendata.cz/resource/dataset/mfcr/ppt/distribution/rdf,1,0,0,0,0,0,1,0,0,0,0.5,1,0,0,0,1,1,1,0,1,1,0,0,1,1,1,0,0,0,1,1,0,0,0,0.5,0,0,0,0.25,0.6,0.333333333,0.75,0.25,0.25,0.125,0.436666667,0.270555556
09/06/2023,http://linked.opendata.cz/sparql,http://linked.opendata.cz/resource/dataset/mfcr/rozvaha/distribution/rdf,1,0,0,0,0,0,1,0,0,0,0.5,1,0,0,0,1,1,1,0,1,1,0,0,1,1,1,0,0,0,1,1,0,0,0,0.5,0,0,0,0.25,0.6,0.333333333,0.75,0.25,0.25,0.125,0.436666667,0.270555556
09/06/2023,http://linked.opendata.cz/sparql,http://linked.opendata.cz/resource/dataset/mfcr/vykzz/distribution/rdf,1,0,0,0,0,0,1,0,0,0,0.5,1,0,0,0,1,1,1,0,1,1,0,0,1,1,1,0,0,0,1,1,0,0,0,0.5,0,0,0,0.25,0.6,0.333333333,0.75,0.25,0.25,0.125,0.436666667,0.270555556
09/06/2023,http://linked.opendata.cz/sparql,http://linked.opendata.cz/resource/dataset/nci-thesaurus,1,0,1,0,0.2,0,1,0,0,0,0.5,1,0,0,1,1,0,1,0,0,0,0,0,0,1,1,0,0,1,1,1,0.5,0,0.2,0.5,0,0,0,0.25,0.6,0,0.75,0.75,0.425,0.125,0.47,0.34
09/06/2023,http://linked.opendata.cz/sparql,http://linked.opendata.cz/resource/dataset/ndf-rt,1,0,1,0,0.2,0,1,0,0,0,0.5,1,0,0,1,1,0,1,0,0,0,0,0,0,1,1,0,0,1,1,1,0.5,0,0.2,0.5,0,0,0,0.25,0.6,0,0.75,0.75,0.425,0.125,0.47,0.34
09/06/2023,http://linked.opendata.cz/sparql,http://linked.opendata.cz/resource/dataset/ndfrt/distribution,1,0,0,0,0,0,1,0,0,0,0.5,1,0,0,0,1,1,1,0,1,1,0,0,1,1,1,0,0,0,1,1,0,0,0,0.5,0,0,0,0.25,0.6,0.333333333,0.75,0.25,0.25,0.125,0.436666667,0.270555556
09/06/2023,http://linked.opendata.cz/sparql,http://linked.opendata.cz/resource/dataset/obce-okresy-kraje,1,0,0,0,0.6,0,1,0,0,0,0.5,1,0,0,0,1,0,1,0,0,0,0,0,1,1,1,0,0,1,1,1,0,0,0.6,0.5,0,0,0,0.25,0.4,0.333333333,0.75,0.75,0.4,0.125,0.496666667,0.340555556
09/06/2023,http://linked.opendata.cz/sparql,http://linked.opendata.cz/resource/dataset/political-parties-cz,0,0,1,0,0.25,0,0,0,0,0.266666667,0.5,1,0,0,0,1,0,1,0,0,0,0,0,0,1,1,0,0,1,1,0,0.5,0,0.25,0,0,0,0.266666667,0.25,0.4,0,0.75,0.75,0.1875,0.066666667,0.43,0.228055556
09/06/2023,http://linked.opendata.cz/sparql,http://linked.opendata.cz/resource/dataset/regions/momc,1,0,1,0,0.2,0,1,0,0,0,0.5,0,0,0,0,1,0,1,0,0,0,0,0,0,1,0,0,0,1,0,1,0.5,0,0.2,0.5,0,0,0,0.083333333,0.4,0,0.25,0.5,0.425,0.125,0.246666667,0.265555556
09/06/2023,http://linked.opendata.cz/sparql,http://linked.opendata.cz/resource/dataset/seznam.gov.cz/agendy/distribution,1,0,0,0,0,0,1,0,0,0,0.5,1,0,0,0,1,1,1,0,1,1,0,0,1,1,1,0,0,0,1,1,0,0,0,0.5,0,0,0,0.25,0.6,0.333333333,0.75,0.25,0.25,0.125,0.436666667,0.270555556
09/06/2023,http://linked.opendata.cz/sparql,http://linked.opendata.cz/resource/dataset/seznam.gov.cz/ovm/distribution,1,0,0,0,0,0,1,0,0,0,0.5,1,0,0,0,1,1,1,0,1,1,0,0,1,1,1,0,0,0,1,1,0,0,0,0.5,0,0,0,0.25,0.6,0.333333333,0.75,0.25,0.25,0.125,0.436666667,0.270555556
09/06/2023,http://linked.opendata.cz/sparql,http://linked.opendata.cz/resource/dataset/seznam.gov.cz/rejstriky/objednavky/distribution,1,0,0,0,0,0,1,0,0,0,0.5,1,0,0,0,1,1,1,0,1,1,0,0,1,1,1,0,0,0,1,1,0,0,0,0.5,0,0,0,0.25,0.6,0.333333333,0.75,0.25,0.25,0.125,0.436666667,0.270555556
09/06/2023,http://linked.opendata.cz/sparql,http://linked.opendata.cz/resource/dataset/seznam.gov.cz/rejstriky/plneni/distribution,1,0,0,0,0,0,1,0,0,0,0.5,1,0,0,0,1,1,1,0,1,1,0,0,1,1,1,0,0,0,1,1,0,0,0,0.5,0,0,0,0.25,0.6,0.333333333,0.75,0.25,0.25,0.125,0.436666667,0.270555556
09/06/2023,http://linked.opendata.cz/sparql,http://linked.opendata.cz/resource/dataset/seznam.gov.cz/rejstriky/smlouvy/distribution,1,0,0,0,0,0,1,0,0,0,0.5,1,0,0,0,1,1,1,0,1,1,0,0,1,1,1,0,0,0,1,1,0,0,0,0.5,0,0,0,0.25,0.6,0.333333333,0.75,0.25,0.25,0.125,0.436666667,0.270555556
09/06/2023,http://linked.opendata.cz/sparql,http://linked.opendata.cz/resource/dataset/spc/ai-interactions,1,0,1,0,0.2,0,1,0,0,0,0.5,1,0,0,1,1,0,1,0,0,0,0,0,0,1,1,0,0,1,1,1,0.5,0,0.2,0.5,0,0,0,0.25,0.6,0,0.75,0.75,0.425,0.125,0.47,0.34
09/06/2023,http://linked.opendata.cz/sparql,http://linked.opendata.cz/resource/dataset/sukl/drug-ingredients/distribution,1,0,0,0,0,0,1,0,0,0,0.5,1,0,0,0,1,1,1,0,1,1,0,0,1,1,1,0,0,0,1,1,0,0,0,0.5,0,0,0,0.25,0.6,0.333333333,0.75,0.25,0.25,0.125,0.436666667,0.270555556
09/06/2023,http://linked.opendata.cz/sparql,http://linked.opendata.cz/resource/dataset/sukl/drug-prices/distribution,1,0,0,0,0,0,1,0,0,0,0.5,1,0,0,0,1,1,1,0,1,1,0,0,1,1,1,0,0,0,1,1,0,0,0,0.5,0,0,0,0.25,0.6,0.333333333,0.75,0.25,0.25,0.125,0.436666667,0.270555556
09/06/2023,http://linked.opendata.cz/sparql,http://linked.opendata.cz/resource/dataset/sukl/drugs/distribution,1,0,0,0,0,0,1,0,0,0,0.5,1,0,0,0,1,1,1,0,1,1,0,0,1,1,1,0,0,0,1,1,0,0,0,0.5,0,0,0,0.25,0.6,0.333333333,0.75,0.25,0.25,0.125,0.436666667,0.270555556
09/06/2023,http://linked.opendata.cz/sparql,http://linked.opendata.cz/resource/dataset/sukl/spc,1,0,1,0,0.2,0,1,0,0,0,0.5,1,0,0,1,1,0,1,0,0,0,0,0,0,1,1,0,0,1,1,1,0.5,0,0.2,0.5,0,0,0,0.25,0.6,0,0.75,0.75,0.425,0.125,0.47,0.34
09/06/2023,http://linked.opendata.cz/sparql,http://linked.opendata.cz/resource/dataset/vavai/cep,0,0,1,0,0.3,0,0,0,0,0.4,0.5,1,0,0,0,1,0,1,0,0,0,0,0,0,1,1,0,0,1,1,0,0.5,0,0.3,0,0,0,0.4,0.25,0.4,0,0.75,0.75,0.2,0.1,0.43,0.243333333
09/06/2023,http://linked.opendata.cz/sparql,http://linked.opendata.cz/resource/dataset/vavai/evaluation/2009/distribution,1,0,0,0,0,0,1,0,0,0,0.5,1,0,0,0,1,0,0,0,1,0,0,0,1,1,1,0,0,0,1,1,0,0,0,0.5,0,0,0,0.25,0.266666667,0.333333333,0.75,0.25,0.25,0.125,0.37,0.248333333
09/06/2023,http://linked.opendata.cz/sparql,http://linked.opendata.cz/resource/dataset/vavai/evaluation/2010/distribution,1,0,0,0,0,0,1,0,0,0,0.5,1,0,0,0,1,0,0,0,1,0,0,0,1,1,1,0,0,0,1,1,0,0,0,0.5,0,0,0,0.25,0.266666667,0.333333333,0.75,0.25,0.25,0.125,0.37,0.248333333
09/06/2023,http://linked.opendata.cz/sparql,http://linked.opendata.cz/resource/dataset/vavai/evaluation/2011/distribution,1,0,0,0,0,0,1,0,0,0,0.5,1,0,0,0,1,0,0,0,1,0,0,0,1,1,1,0,0,0,1,1,0,0,0,0.5,0,0,0,0.25,0.266666667,0.333333333,0.75,0.25,0.25,0.125,0.37,0.248333333
09/06/2023,http://linked.opendata.cz/sparql,http://linked.opendata.cz/resource/dataset/vavai/evaluation/2012/distribution,1,0,0,0,0,0,1,0,0,0,0.5,1,0,0,0,1,1,1,0,1,1,0,0,1,1,1,0,0,0,1,1,0,0,0,0.5,0,0,0,0.25,0.6,0.333333333,0.75,0.25,0.25,0.125,0.436666667,0.270555556
09/06/2023,http://linked.opendata.cz/sparql,http://linked.opendata.cz/resource/dataset/vavai/evaluation/2013/distribution,1,0,0,0,0,0,1,0,0,0,0.5,1,0,0,0,1,1,1,0,1,1,0,0,1,1,1,0,0,0,1,1,0,0,0,0.5,0,0,0,0.25,0.6,0.333333333,0.75,0.25,0.25,0.125,0.436666667,0.270555556
09/06/2023,http://linked.opendata.cz/sparql,http://linked.opendata.cz/resource/dataset/vavai/funding-providers/distribution,1,0,0,0,0,0,1,0,0,0,0.5,1,0,0,0,1,1,1,0,1,1,0,0,1,1,1,0,0,0,1,1,0,0,0,0.5,0,0,0,0.25,0.6,0.333333333,0.75,0.25,0.25,0.125,0.436666667,0.270555556
09/06/2023,http://linked.opendata.cz/sparql,http://linked.opendata.cz/resource/dataset/vavai/organizations/distribution,1,0,0,0,0,0,1,0,0,0,0.5,1,0,0,0,1,1,1,0,1,1,0,0,1,1,1,0,0,0,1,1,0,0,0,0.5,0,0,0,0.25,0.6,0.333333333,0.75,0.25,0.25,0.125,0.436666667,0.270555556
09/06/2023,http://linked.opendata.cz/sparql,http://linked.opendata.cz/resource/dataset/vavai/programmes/distribution,1,0,0,0,0,0,1,0,0,0,0.5,1,0,0,0,1,1,1,0,1,1,0,0,1,1,1,0,0,0,1,1,0,0,0,0.5,0,0,0,0.25,0.6,0.333333333,0.75,0.25,0.25,0.125,0.436666667,0.270555556
09/06/2023,http://linked.opendata.cz/sparql,http://linked.opendata.cz/resource/dataset/vavai/projects/distribution,1,0,0,0,0,0,1,0,0,0,0.5,1,0,0,0,1,1,1,0,1,1,0,0,1,1,1,0,0,0,1,1,0,0,0,0.5,0,0,0,0.25,0.6,0.333333333,0.75,0.25,0.25,0.125,0.436666667,0.270555556
09/06/2023,http://linked.opendata.cz/sparql,http://linked.opendata.cz/resource/dataset/vavai/research-plans/distribution,1,0,0,0,0,0,1,0,0,0,0.5,1,0,0,0,1,1,1,0,1,1,0,0,1,1,1,0,0,0,1,1,0,0,0,0.5,0,0,0,0.25,0.6,0.333333333,0.75,0.25,0.25,0.125,0.436666667,0.270555556
09/06/2023,http://linked.opendata.cz/sparql,http://linked.opendata.cz/resource/dataset/vavai/results/distribution,1,0,0,0,0,0,1,0,0,0,0.5,1,0,0,0,1,1,1,0,1,1,0,0,1,1,1,0,0,0,1,1,0,0,0,0.5,0,0,0,0.25,0.6,0.333333333,0.75,0.25,0.25,0.125,0.436666667,0.270555556
09/06/2023,http://linked.opendata.cz/sparql,http://linked.opendata.cz/resource/dataset/vavai/tenders/distribution,1,0,0,0,0,0,1,0,0,0,0.5,1,0,0,0,1,1,1,0,1,1,0,0,1,1,1,0,0,0,1,1,0,0,0,0.5,0,0,0,0.25,0.6,0.333333333,0.75,0.25,0.25,0.125,0.436666667,0.270555556
09/06/2023,http://linked.opendata.cz/sparql,http://linked.opendata.cz/resource/dataset/wwwinfo.mfcr.cz/vykazy-zisku-a-ztraty,1,0,0,0,0.6,0,1,0,0,0,0.5,1,0,0,0,1,0,1,0,0,0,0,0,0,1,1,0,0,1,1,1,0,0,0.6,0.5,0,0,0,0.25,0.4,0,0.75,0.75,0.4,0.125,0.43,0.318333333
09/06/2023,http://linked.opendata.cz/sparql,http://linked.opendata.cz/resource/external-dataset/geovoc-nuts,1,0,1,0,0.2,0,1,0,0,0.2,0.5,1,0,0,0,1,0,1,0,0,0,0,0,0,1,1,1,0,1,1,1,0.5,0,0.2,0.5,0,0,0.2,0.25,0.4,0,1,0.75,0.425,0.175,0.48,0.36
09/06/2023,http://wasabi.inria.fr/sparql,http://ns.inria.fr/wasabi/wasabi-2-0,1,0,0,1,0.3,0,0,0,1,0,0.5,0,0,0,1,1,0,0,0,0,1,0,0,1,1,0,0,0,1,0,1,0,1,0.3,0,0,1,0,0.083333333,0.466666667,0.333333333,0.25,0.5,0.575,0.25,0.326666667,0.383888889
09/06/2023,http://opendatacommunities.org/sparql,http://opendatacommunities.org/data/administrative-geography,1,0,0,0,0,0,1,0,0,0,0.5,1,0,0,1,1,0,0,0,0,0,0,0,1,1,1,0,0,1,1,1,0,0,0,0.5,0,0,0,0.25,0.4,0.333333333,0.75,0.75,0.25,0.125,0.496666667,0.290555556
09/06/2023,http://opendatacommunities.org/sparql,http://opendatacommunities.org/data/former-local-authority-districts,1,0,0,0,0,0,1,0,0,0,0.5,1,0,0,1,1,0,0,0,0,0,0,0,1,1,1,0,0,1,1,1,0,0,0,0.5,0,0,0,0.25,0.4,0.333333333,0.75,0.75,0.25,0.125,0.496666667,0.290555556
09/06/2023,http://opendatacommunities.org/sparql,http://opendatacommunities.org/data/housing-market,1,0,0,0,0,0,1,0,0,0,0.5,1,0,0,1,1,0,0,0,0,0,0,0,1,1,1,0,0,1,1,1,0,0,0,0.5,0,0,0,0.25,0.4,0.333333333,0.75,0.75,0.25,0.125,0.496666667,0.290555556
09/06/2023,http://opendatacommunities.org/sparql,http://opendatacommunities.org/data/local-authorities,1,0,0,0,0,0,1,0,0,0,0.5,1,0,0,1,1,0,0,0,0,0,0,0,1,1,1,0,0,1,1,1,0,0,0,0.5,0,0,0,0.25,0.4,0.333333333,0.75,0.75,0.25,0.125,0.496666667,0.290555556
09/06/2023,http://opendatacommunities.org/sparql,http://opendatacommunities.org/data/lower-layer-super-output-areas,1,0,0,0,0,0,1,0,0,0,0.5,1,0,0,1,1,0,0,0,0,0,0,0,1,1,1,0,0,1,1,1,0,0,0,0.5,0,0,0,0.25,0.4,0.333333333,0.75,0.75,0.25,0.125,0.496666667,0.290555556
09/06/2023,http://opendatacommunities.org/sparql,http://opendatacommunities.org/data/ordnance-survey-admingeo,1,0,0,0,0,0,1,0,0,0,0.5,1,0,0,1,1,0,0,0,0,0,0,0,1,1,1,0,0,1,1,1,0,0,0,0.5,0,0,0,0.25,0.4,0.333333333,0.75,0.75,0.25,0.125,0.496666667,0.290555556
09/06/2023,http://opendatacommunities.org/sparql,http://opendatacommunities.org/data/service-expenditure,1,0,0,0,0,0,1,0,0,0,0.5,1,0,0,1,1,0,0,0,0,0,0,0,1,1,1,0,0,1,1,1,0,0,0,0.5,0,0,0,0.25,0.4,0.333333333,0.75,0.75,0.25,0.125,0.496666667,0.290555556
09/06/2023,http://opendatacommunities.org/sparql,http://opendatacommunities.org/data/wellbeing-anxious-yesterday-mean,1,0,0,0,0,0,1,0,0,0,0.5,1,0,0,1,1,0,0,0,0,0,0,0,1,1,1,0,0,1,1,1,0,0,0,0.5,0,0,0,0.25,0.4,0.333333333,0.75,0.75,0.25,0.125,0.496666667,0.290555556
09/06/2023,http://opendatacommunities.org/sparql,http://opendatacommunities.org/data/wellbeing-anxious-yesterday-percentage4-10,1,0,0,0,0,0,1,0,0,0,0.5,1,0,0,1,1,0,0,0,0,0,0,0,1,1,1,0,0,1,1,1,0,0,0,0.5,0,0,0,0.25,0.4,0.333333333,0.75,0.75,0.25,0.125,0.496666667,0.290555556
09/06/2023,http://opendatacommunities.org/sparql,http://opendatacommunities.org/data/wellbeing-anxious-yesterday-standard-deviation,1,0,0,0,0,0,1,0,0,0,0.5,1,0,0,1,1,0,0,0,0,0,0,0,1,1,1,0,0,1,1,1,0,0,0,0.5,0,0,0,0.25,0.4,0.333333333,0.75,0.75,0.25,0.125,0.496666667,0.290555556
09/06/2023,http://opendatacommunities.org/sparql,http://opendatacommunities.org/data/wellbeing-happy-yesterday-mean,1,0,0,0,0,0,1,0,0,0,0.5,1,0,0,1,1,0,0,0,0,0,0,0,1,1,1,0,0,1,1,1,0,0,0,0.5,0,0,0,0.25,0.4,0.333333333,0.75,0.75,0.25,0.125,0.496666667,0.290555556
09/06/2023,http://opendatacommunities.org/sparql,http://opendatacommunities.org/data/wellbeing-happy-yesterday-percentage0-6,1,0,0,0,0,0,1,0,0,0,0.5,1,0,0,1,1,0,0,0,0,0,0,0,1,1,1,0,0,1,1,1,0,0,0,0.5,0,0,0,0.25,0.4,0.333333333,0.75,0.75,0.25,0.125,0.496666667,0.290555556
09/06/2023,http://opendatacommunities.org/sparql,http://opendatacommunities.org/data/wellbeing-happy-yesterday-standard-deviation,1,0,0,0,0,0,1,0,0,0,0.5,1,0,0,1,1,0,0,0,0,0,0,0,1,1,1,0,0,1,1,1,0,0,0,0.5,0,0,0,0.25,0.4,0.333333333,0.75,0.75,0.25,0.125,0.496666667,0.290555556
09/06/2023,http://opendatacommunities.org/sparql,http://opendatacommunities.org/data/wellbeing-life-satisfaction-mean,1,0,0,0,0,0,1,0,0,0,0.5,1,0,0,1,1,0,0,0,0,0,0,0,1,1,1,0,0,1,1,1,0,0,0,0.5,0,0,0,0.25,0.4,0.333333333,0.75,0.75,0.25,0.125,0.496666667,0.290555556
09/06/2023,http://opendatacommunities.org/sparql,http://opendatacommunities.org/data/wellbeing-life-satisfaction-percentage0-6,1,0,0,0,0,0,1,0,0,0,0.5,1,0,0,1,1,0,0,0,0,0,0,0,1,1,1,0,0,1,1,1,0,0,0,0.5,0,0,0,0.25,0.4,0.333333333,0.75,0.75,0.25,0.125,0.496666667,0.290555556
09/06/2023,http://opendatacommunities.org/sparql,http://opendatacommunities.org/data/wellbeing-life-satisfaction-standard-deviation,1,0,0,0,0,0,1,0,0,0,0.5,1,0,0,1,1,0,0,0,0,0,0,0,1,1,1,0,0,1,1,1,0,0,0,0.5,0,0,0,0.25,0.4,0.333333333,0.75,0.75,0.25,0.125,0.496666667,0.290555556
09/06/2023,http://opendatacommunities.org/sparql,http://opendatacommunities.org/data/wellbeing-lsoa-happy-yesterday-mean,1,0,0,0,0,0,1,0,0,0,0.5,1,0,0,1,1,0,0,0,0,0,0,0,1,1,1,0,0,1,1,1,0,0,0,0.5,0,0,0,0.25,0.4,0.333333333,0.75,0.75,0.25,0.125,0.496666667,0.290555556
09/06/2023,http://opendatacommunities.org/sparql,http://opendatacommunities.org/data/wellbeing-lsoa-happy-yesterday-percentage0-6,1,0,0,0,0,0,1,0,0,0,0.5,1,0,0,1,1,0,0,0,0,0,0,0,1,1,1,0,0,1,1,1,0,0,0,0.5,0,0,0,0.25,0.4,0.333333333,0.75,0.75,0.25,0.125,0.496666667,0.290555556
09/06/2023,http://opendatacommunities.org/sparql,http://opendatacommunities.org/data/wellbeing-lsoa-life-satisfaction-mean,1,0,0,0,0,0,1,0,0,0,0.5,1,0,0,1,1,0,0,0,0,0,0,0,1,1,1,0,0,1,1,1,0,0,0,0.5,0,0,0,0.25,0.4,0.333333333,0.75,0.75,0.25,0.125,0.496666667,0.290555556
09/06/2023,http://opendatacommunities.org/sparql,http://opendatacommunities.org/data/wellbeing-lsoa-life-satisfaction-percentage0-6,1,0,0,0,0,0,1,0,0,0,0.5,1,0,0,1,1,0,0,0,0,0,0,0,1,1,1,0,0,1,1,1,0,0,0,0.5,0,0,0,0.25,0.4,0.333333333,0.75,0.75,0.25,0.125,0.496666667,0.290555556
09/06/2023,http://opendatacommunities.org/sparql,http://opendatacommunities.org/data/wellbeing-lsoa-worthwhile-mean,1,0,0,0,0,0,1,0,0,0,0.5,1,0,0,1,1,0,0,0,0,0,0,0,1,1,1,0,0,1,1,1,0,0,0,0.5,0,0,0,0.25,0.4,0.333333333,0.75,0.75,0.25,0.125,0.496666667,0.290555556
09/06/2023,http://opendatacommunities.org/sparql,http://opendatacommunities.org/data/wellbeing-lsoa-worthwhile-percentage0-6,1,0,0,0,0,0,1,0,0,0,0.5,1,0,0,1,1,0,0,0,0,0,0,0,1,1,1,0,0,1,1,1,0,0,0,0.5,0,0,0,0.25,0.4,0.333333333,0.75,0.75,0.25,0.125,0.496666667,0.290555556
09/06/2023,http://opendatacommunities.org/sparql,http://opendatacommunities.org/data/wellbeing-worthwhile-mean,1,0,0,0,0,0,1,0,0,0,0.5,1,0,0,1,1,0,0,0,0,0,0,0,1,1,1,0,0,1,1,1,0,0,0,0.5,0,0,0,0.25,0.4,0.333333333,0.75,0.75,0.25,0.125,0.496666667,0.290555556
09/06/2023,http://opendatacommunities.org/sparql,http://opendatacommunities.org/data/wellbeing-worthwhile-percentage0-6,1,0,0,0,0,0,1,0,0,0,0.5,1,0,0,1,1,0,0,0,0,0,0,0,1,1,1,0,0,1,1,1,0,0,0,0.5,0,0,0,0.25,0.4,0.333333333,0.75,0.75,0.25,0.125,0.496666667,0.290555556
09/06/2023,http://opendatacommunities.org/sparql,http://opendatacommunities.org/data/wellbeing-worthwhile-standard-deviation,1,0,0,0,0,0,1,0,0,0,0.5,1,0,0,1,1,0,0,0,0,0,0,0,1,1,1,0,0,1,1,1,0,0,0,0.5,0,0,0,0.25,0.4,0.333333333,0.75,0.75,0.25,0.125,0.496666667,0.290555556
09/06/2023,http://rdf.muninn-project.org/sparql,http://rdf.muninn-project.org/ww1/muninn-ww1-dataset,1,0,0,0,0.2,0,1,0,0,0,0.5,1,0,0,1,1,1,1,0,1,1,0,0,0,1,1,0,0,1,1,1,0,0,0.2,0.5,0,0,0,0.25,0.8,0,0.75,0.75,0.3,0.125,0.51,0.311666667
09/06/2023,http://semantic.eea.europa.eu/sparql,http://rdfdata.eionet.europa.eu/itis/void.rdf#itisbundle,0,0,0,0,0,0,0,0,0,0,0.5,1,0,0,0,1,0,1,0,1,0,0,0,0,1,1,1,0,0,1,0,0,0,0,0,0,0,0,0.25,0.466666667,0,1,0.25,0,0,0.393333333,0.131111111
09/06/2023,http://linked.opendata.cz/sparql,http://ruian.linked.opendata.cz/resource/dataset/cuzk/pracoviste-resortu/distribution/rdf,1,0,0,0,0,0,1,0,0,0,0.5,1,0,0,0,1,1,1,0,1,1,0,0,1,1,1,0,0,0,1,1,0,0,0,0.5,0,0,0,0.25,0.6,0.333333333,0.75,0.25,0.25,0.125,0.436666667,0.270555556
09/06/2023,http://linked.opendata.cz/sparql,http://ruian.linked.opendata.cz/resource/dataset/cuzk/pravni-vztahy-listiny/distribution/rdf,1,0,0,0,0,0,1,0,0,0,0.5,1,0,0,0,1,1,1,0,1,1,0,0,1,1,1,0,0,0,1,1,0,0,0,0.5,0,0,0,0.25,0.6,0.333333333,0.75,0.25,0.25,0.125,0.436666667,0.270555556
09/06/2023,http://taxref.mnhn.fr/sparql,http://taxref.mnhn.fr/lod/taxref-ld,1,0,1,1,0.433333333,0,1,0,1,0.3,0.5,1,0,0,1,1,0,1,0,0,1,0,0,1,1,1,1,0,1,1,1,0.5,1,0.433333333,0.5,0,1,0.3,0.25,0.666666667,0.333333333,1,0.75,0.733333333,0.45,0.6,0.594444444
09/06/2023,http://vocab.getty.edu/sparql,http://vocab.getty.edu/dataset,1,0,0,0,1,0,1,0,0,0,0.5,1,0,0,0,0,1,0,0,0,1,0,0,1,1,1,1,0,1,1,1,0,0,1,0.5,0,0,0,0.25,0.133333333,0.333333333,1,0.75,0.5,0.125,0.493333333,0.372777778
09/06/2023,http://vocabulary.curriculum.edu.au/PoolParty/sparql/scot,http://vocabulary.curriculum.edu.au/scot,1,0,0,0,0.2,0,1,0,0,0,0.5,1,0,0,1,1,0,0,0,1,0,0,0,0,1,1,0,0,1,1,1,0,0,0.2,0.5,0,0,0,0.25,0.466666667,0,0.75,0.75,0.3,0.125,0.443333333,0.289444444
09/06/2023,http://webisa.webdatacommons.org/sparql,http://webisa.webdatacommons.org,1,0,1,0,0.2,0,0,0,0,0.2,0.5,0,0,0,0,1,0,1,0,0,1,0,0,0,1,0,1,0,1,0,1,0.5,0,0.2,0,0,0,0.2,0.083333333,0.466666667,0,0.5,0.5,0.425,0.05,0.31,0.261666667
09/06/2023,http://data.allie.dbcls.jp/sparql,http://www.openphacts.org/aef380b9-8ad6-4d07-8f0e-212f20555d1c,0,0,0,0,0.4,1,0,0,0,0,0.5,1,0,0,0,1,0,1,0,0,1,0,0,1,1,1,1,0,1,1,0,0,0,0.4,0.5,0,0,0,0.25,0.466666667,0.333333333,1,0.75,0.1,0.125,0.56,0.261666667
09/06/2023,http://zbw.eu/beta/sparql/stw/query,http://zbw.eu/stw,0,0,0,0,0.2,0,0,0,0,0,0.5,1,0,0,1,1,0,1,0,1,0,0,0,1,1,1,1,0,1,1,0,0,0,0.2,0,0,0,0,0.25,0.666666667,0.333333333,1,0.75,0.05,0,0.6,0.216666667
14/06/2023,https://dbpedia.org/sparql,http://dbpedia.org/void/Dataset,0,0,0,0,0,0,0,0,0,0,0.5,0,0,0,0,0,1,0,0,0,1,0,0,0,1,0,0,0,0,0,0,0,0,0,0,0,0,0,0.083333333,0.133333333,0,0.25,0,0,0,0.093333333,0.031111111
14/06/2023,https://semantic.eea.europa.eu/sparql,http://eunis.eea.europa.eu/void.rdf#eunis,0,0,0,0,0.6,0,0,0,0,0,0.5,1,0,0,1,1,0,1,0,1,0,0,0,0,1,1,1,0,1,1,0,0,0,0.6,0,0,0,0,0.25,0.666666667,0,1,0.75,0.15,0,0.533333333,0.227777778
14/06/2023,http://linkeddata.uriburner.com/sparql/,http://linkeddatacatalog.dws.informatik.uni-mannheim.de/it/dataset/flickr-wrappr,0,0,0,0,0.2,0,0,0,0,0,0.5,0,0,0,1,1,0,0,0,0,0,0,0,0,1,0,1,0,0,0,0,0,0,0.2,0,0,0,0,0.083333333,0.4,0,0.5,0,0.05,0,0.196666667,0.082222222
14/06/2023,https://covidontheweb.inria.fr/sparql,http://ns.inria.fr/covid19/covidontheweb-1-2,1,0,1,0,0.4,0,0,0,1,0,0.5,0,0,0,1,1,0,0,0,0,1,0,0,1,1,0,0,0,1,0,1,0.333333333,0,0.4,0,0,1,0,0.083333333,0.466666667,0.333333333,0.25,0.5,0.433333333,0.25,0.326666667,0.336666667
14/06/2023,http://weakg.i3s.unice.fr/sparql,http://ns.inria.fr/meteo/wekg-mf,1,0,0,0,0.2,0,0,0,0,0.2,0.5,0,0,0,1,1,0,0,0,0,0,0,0,1,1,0,1,0,1,0,1,0,0,0.2,0,0,0,0.2,0.083333333,0.4,0.333333333,0.5,0.5,0.3,0.05,0.363333333,0.237777778
14/06/2023,http://linkeddata.uriburner.com/sparql/,http://viaf.org/viaf/data,0,0,0,0,0,0,0,0,0,0,0.5,1,0,0,1,1,0,0,0,0,0,0,0,0,1,1,1,0,1,1,0,0,0,0,0,0,0,0,0.25,0.4,0,1,0.75,0,0,0.48,0.16
14/06/2023,https://data.gov.cz/sparql,https://data.gov.cz/zdroj/datov%C3%A9-sady/00007064/16f9f596f17183793897d6fc3104908c,0,0,0,0,0,1,0,0,0,0,0.5,0,0,0,1,1,0,0,1,0,0,0,0,0,1,0,0,0,1,0,0,0,0,0,0.5,0,0,0,0.083333333,0.6,0,0.25,0.5,0,0.125,0.286666667,0.137222222
14/06/2023,https://data.gov.cz/sparql,https://data.gov.cz/zdroj/datov%C3%A9-sady/00007064/26a167848304795d50ea842b79a0aba4,0,0,0,0,0,1,0,0,0,0,0.5,0,0,0,1,1,0,0,1,0,0,0,0,0,1,0,0,0,1,0,0,0,0,0,0.5,0,0,0,0.083333333,0.6,0,0.25,0.5,0,0.125,0.286666667,0.137222222
14/06/2023,https://data.gov.cz/sparql,https://data.gov.cz/zdroj/datov%C3%A9-sady/00007064/5d6c76b271f1580cd6cb8833a44e13a3,0,0,0,0,0,1,0,0,0,0,0.5,0,0,0,1,1,0,0,1,0,0,0,0,0,1,0,0,0,1,0,0,0,0,0,0.5,0,0,0,0.083333333,0.6,0,0.25,0.5,0,0.125,0.286666667,0.137222222
14/06/2023,https://data.gov.cz/sparql,https://data.gov.cz/zdroj/datov%C3%A9-sady/00007064/bf1e452c2051a15de67bd93107517bd9,0,0,0,0,0,1,0,0,0,0,0.5,0,0,0,1,1,0,0,1,0,0,0,0,0,1,0,0,0,1,0,0,0,0,0,0.5,0,0,0,0.083333333,0.6,0,0.25,0.5,0,0.125,0.286666667,0.137222222
14/06/2023,https://data.gov.cz/sparql,https://data.gov.cz/zdroj/datov%C3%A9-sady/00007064/ddafe33e8a41908fedb85c4fbc7b6dc3,0,0,0,0,0,1,0,0,0,0,0.5,0,0,0,1,1,0,0,1,0,0,0,0,0,1,0,0,0,1,0,0,0,0,0,0.5,0,0,0,0.083333333,0.6,0,0.25,0.5,0,0.125,0.286666667,0.137222222
14/06/2023,https://data.gov.cz/sparql,https://data.gov.cz/zdroj/datov%C3%A9-sady/00007064/f2dc0ac969d6ad4131450bc82e192b73,0,0,0,0,0,1,0,0,0,0,0.5,0,0,0,1,1,0,0,1,0,0,0,0,0,1,0,0,0,1,0,0,0,0,0,0.5,0,0,0,0.083333333,0.6,0,0.25,0.5,0,0.125,0.286666667,0.137222222
14/06/2023,https://data.gov.cz/sparql,https://data.gov.cz/zdroj/datov%C3%A9-sady/00007064/fecee27b4a44fa89cbe8cc491fe5540c,0,0,0,0,0,1,0,0,0,0,0.5,0,0,0,1,1,0,0,1,0,0,0,0,0,1,0,0,0,1,0,0,0,0,0,0.5,0,0,0,0.083333333,0.6,0,0.25,0.5,0,0.125,0.286666667,0.137222222
14/06/2023,https://linked.opendata.cz/sparql,https://linked.opendata.cz/zdroj/datov%C3%A1-sada/datov%C3%A9-schr%C3%A1nky/distribution,1,0,0,0,0,0,1,0,0,0,0.5,1,0,0,0,0,1,1,0,1,1,0,0,1,1,1,0,0,0,1,1,0,0,0,0.5,0,0,0,0.25,0.4,0.333333333,0.75,0.25,0.25,0.125,0.396666667,0.257222222
14/06/2023,https://linked.opendata.cz/sparql,https://linked.opendata.cz/zdroj/datov%C3%A1-sada/ovm/distribution,1,0,0,0,0,0,1,0,0,0,0.5,1,0,0,0,0,1,1,0,1,1,0,0,1,1,1,0,0,0,1,1,0,0,0,0.5,0,0,0,0.25,0.4,0.333333333,0.75,0.25,0.25,0.125,0.396666667,0.257222222
14/06/2023,https://linked.opendata.cz/sparql,https://linked.opendata.cz/zdroj/datov%C3%A1-sada/souhrnn%C3%A9-typy-ovm/distribuce,1,0,0,0,0,0,1,0,0,0,0.5,1,0,0,0,0,1,1,0,1,1,0,0,1,1,1,0,0,0,1,1,0,0,0,0.5,0,0,0,0.25,0.4,0.333333333,0.75,0.25,0.25,0.125,0.396666667,0.257222222
14/06/2023,https://ruian.linked.opendata.cz/sparql,https://ruian.linked.opendata.cz/zdroj/datov%C3%A1-sada/r%C3%BAian/distribuce/rdf,1,0,0,0,0,0,1,0,0,0,0.5,1,0,0,0,0,0,1,0,1,1,0,0,1,1,1,0,0,0,1,1,0,0,0,0.5,0,0,0,0.25,0.333333333,0.333333333,0.75,0.25,0.25,0.125,0.383333333,0.252777778
14/06/2023,http://linkeddata.uriburner.com/sparql/,https://www.wikidata.org/wiki/Special:EntityData/L687573-F1,1,0,0,0,0,0,1,0,0,0,0.5,1,0,0,1,0,0,0,0,1,0,0,0,0,1,1,1,0,0,1,1,0,0,0,0.5,0,0,0,0.25,0.266666667,0,1,0.25,0.25,0.125,0.353333333,0.242777778
14/06/2023,http://linkeddata.uriburner.com/sparql/,https://www.wikidata.org/wiki/Special:EntityData/L687765-F1,1,0,0,0,0,0,1,0,0,0,0.5,1,0,0,1,0,0,0,0,1,0,0,0,0,1,1,1,0,0,1,1,0,0,0,0.5,0,0,0,0.25,0.266666667,0,1,0.25,0.25,0.125,0.353333333,0.242777778
13/06/2023,http://prod-dekalog.inria.fr/sparql,http://ns.inria.fr/kg/index#c42e6547d48c55733c93fa9b70c9b8e0Dataset,0,0,0,0,0.4,0,0,0,0,0.4,0.5,0,0,0,0,0,0,0,0,0,0,0,0,0,1,0,1,0,0,0,0,0,0,0.4,0,0,0,0.4,0.083333333,0,0,0.5,0,0.1,0.1,0.116666667,0.105555556
13/06/2023,http://prod-dekalog.inria.fr/sparql,http://ns.inria.fr/kg/index#catalogRoot,0,0,0,0,0,0,0,0,0,0,0.5,0,0,0,0,0,0,0,0,0,0,0,0,0,1,0,1,0,0,0,0,0,0,0,0,0,0,0,0.083333333,0,0,0.5,0,0,0,0.116666667,0.038888889
